[
    { "id": 1, "points": 0, "color": "blue", "tier": 1, "cost": { "black": 3 } },
    { "id": 2, "points": 1, "color": "blue", "tier": 1, "cost": { "red": 4 } },
    { "id": 3, "points": 0, "color": "blue", "tier": 1, "cost": { "white": 1, "black": 2 } },
    { "id": 4, "points": 0, "color": "blue", "tier": 1, "cost": { "green": 2, "black": 2 } },
    { "id": 5, "points": 0, "color": "blue", "tier": 1, "cost": { "white": 1, "green": 2, "red": 2 } },
    { "id": 6, "points": 0, "color": "blue", "tier": 1, "cost": { "blue": 1, "green": 3, "red": 1 } },
    { "id": 7, "points": 0, "color": "blue", "tier": 1, "cost": { "white": 1, "green": 1, "red": 2, "black": 1 } },
    { "id": 8, "points": 0, "color": "blue", "tier": 1, "cost": { "white": 1, "green": 1, "red": 1, "black": 1 } },
    
    { "id": 9, "points": 0, "color": "red", "tier": 1, "cost": { "white": 3 } },
    { "id": 10, "points": 0, "color": "red", "tier": 1, "cost": { "white": 2, "green": 1, "black": 2 } },
    { "id": 11, "points": 0, "color": "red", "tier": 1, "cost": { "white": 1, "red": 1, "black": 3 } },
    { "id": 12, "points": 0, "color": "red", "tier": 1, "cost": { "blue": 2, "green": 1 } },
    { "id": 13, "points": 0, "color": "red", "tier": 1, "cost": { "white": 2, "red": 2 } },
    { "id": 14, "points": 0, "color": "red", "tier": 1, "cost": { "white": 1, "red": 1, "black": 3 } },
    { "id": 15, "points": 0, "color": "red", "tier": 1, "cost": { "white": 1, "blue": 1, "green": 1, "black": 1 } },
    { "id": 16, "points": 0, "color": "red", "tier": 1, "cost": { "white": 2, "blue": 1, "green": 1, "black": 1 } },
  
    { "id": 17, "points": 1, "color": "black", "tier": 1, "cost": { "blue": 4 } },
    { "id": 18, "points": 0, "color": "black", "tier": 1, "cost": { "green": 3 } },
    { "id": 19, "points": 0, "color": "black", "tier": 1, "cost": { "green": 2, "red": 1 } },
    { "id": 20, "points": 0, "color": "black", "tier": 1, "cost": { "white": 2, "green": 2 } },
    { "id": 21, "points": 0, "color": "black", "tier": 1, "cost": { "white": 2, "blue": 2, "red": 1 } },
    { "id": 22, "points": 0, "color": "black", "tier": 1, "cost": { "green": 1, "red": 3, "black": 1 } },
    { "id": 23, "points": 0, "color": "black", "tier": 1, "cost": { "white": 1, "blue": 1, "green": 1, "red": 1 } },
    { "id": 24, "points": 0, "color": "black", "tier": 1, "cost": { "white": 1, "blue": 2, "green": 1, "red": 1 } },
  
    { "id": 25, "points": 1, "color": "green", "tier": 1, "cost": { "black": 4 } },
    { "id": 26, "points": 0, "color": "green", "tier": 1, "cost": { "red": 3 } },
    { "id": 27, "points": 0, "color": "green", "tier": 1, "cost": { "white": 2, "blue": 1 } },
    { "id": 28, "points": 0, "color": "green", "tier": 1, "cost": { "white": 1, "blue": 3, "green": 1 } },
    { "id": 29, "points": 0, "color": "green", "tier": 1, "cost": { "blue": 1, "red": 2, "black": 2 } },
    { "id": 30, "points": 0, "color": "green", "tier": 1, "cost": { "blue": 2, "red": 2 } },
    { "id": 31, "points": 0, "color": "green", "tier": 1, "cost": { "white": 1, "blue": 1, "red": 1, "black": 1 } },
    { "id": 32, "points": 0, "color": "green", "tier": 1, "cost": { "white": 1, "blue": 1, "red": 1, "black": 2 } },
  
    { "id": 33, "points": 1, "color": "white", "tier": 1, "cost": { "green": 4 } },
    { "id": 34, "points": 0, "color": "white", "tier": 1, "cost": { "blue": 3 } },
    { "id": 35, "points": 0, "color": "white", "tier": 1, "cost": { "blue": 2, "black": 2 } },
    { "id": 36, "points": 0, "color": "white", "tier": 1, "cost": { "red": 2, "black": 1 } },
    { "id": 37, "points": 0, "color": "white", "tier": 1, "cost": { "blue": 2, "green": 2, "black": 1 } },
    { "id": 38, "points": 0, "color": "white", "tier": 1, "cost": { "white": 3, "blue": 1, "black": 1 } },
    { "id": 39, "points": 0, "color": "white", "tier": 1, "cost": { "blue": 1, "green": 1, "red": 1, "black": 1 } },
    { "id": 40, "points": 0, "color": "white", "tier": 1, "cost": { "blue": 1, "green": 2, "red": 1, "black": 1 } },

    { "id": 41, "points": 1, "color": "blue", "tier": 2, "cost": { "blue": 2, "green": 2, "red": 3 } },
    { "id": 42, "points": 1, "color": "blue", "tier": 2, "cost": { "blue": 2, "green": 3, "black": 3 } },
    { "id": 43, "points": 2, "color": "blue", "tier": 2, "cost": { "white": 5, "blue": 3 } },
    { "id": 44, "points": 2, "color": "blue", "tier": 2, "cost": { "white": 2, "red": 1, "black": 4 } },
    { "id": 45, "points": 3, "color": "blue", "tier": 2, "cost": { "blue": 6 } },
    { "id": 46, "points": 2, "color": "blue", "tier": 2, "cost": { "blue": 5 } },
  
    { "id": 47, "points": 4, "color": "blue", "tier": 3, "cost": { "white": 7 } },
    { "id": 48, "points": 3, "color": "blue", "tier": 3, "cost": { "white": 3, "green": 3, "red": 3, "black": 5 } },
    { "id": 49, "points": 5, "color": "blue", "tier": 3, "cost": { "white": 7, "blue": 3 } },
    { "id": 50, "points": 4, "color": "blue", "tier": 3, "cost": { "white": 6, "blue": 3, "black": 3 } },
  
    { "id": 51, "points": 3, "color": "red", "tier": 2, "cost": { "red": 6 } },
    { "id": 52, "points": 2, "color": "red", "tier": 2, "cost": { "black": 5 } },
    { "id": 53, "points": 2, "color": "red", "tier": 2, "cost": { "white": 3, "black": 5 } },
    { "id": 54, "points": 2, "color": "red", "tier": 2, "cost": { "white": 1, "blue": 4, "green": 2 } },
    { "id": 55, "points": 1, "color": "red", "tier": 2, "cost": { "blue": 3, "red": 2, "black": 3 } },
    { "id": 56, "points": 1, "color": "red", "tier": 2, "cost": { "white": 2, "red": 2, "black": 3 } },
    
    { "id": 57, "points": 4, "color": "red", "tier": 3, "cost": { "green": 7 } },
    { "id": 58, "points": 5, "color": "red", "tier": 3, "cost": { "green": 7, "red": 3 } },
    { "id": 59, "points": 4, "color": "red", "tier": 3, "cost": { "blue": 3, "green": 6, "red": 3 } },
    { "id": 60, "points": 3, "color": "red", "tier": 3, "cost": { "white": 3, "blue": 5, "green": 3, "black": 3 } },
  
    { "id": 61, "points": 3, "color": "black", "tier": 2, "cost": { "black": 6 } },
    { "id": 62, "points": 2, "color": "black", "tier": 2, "cost": { "white": 5 } },
    { "id": 63, "points": 2, "color": "black", "tier": 2, "cost": { "green": 5, "red": 3 } },
    { "id": 64, "points": 2, "color": "black", "tier": 2, "cost": { "blue": 1, "green": 4, "red": 2 } },
    { "id": 65, "points": 1, "color": "black", "tier": 2, "cost": { "white": 3, "green": 3, "black": 2 } },
    { "id": 66, "points": 1, "color": "black", "tier": 2, "cost": { "white": 3, "blue": 2, "green": 2 } },
  
    { "id": 67, "points": 4, "color": "black", "tier": 3, "cost": { "red": 7 } },
    { "id": 68, "points": 5, "color": "black", "tier": 3, "cost": { "red": 7, "black": 3 } },
    { "id": 69, "points": 4, "color": "black", "tier": 3, "cost": { "green": 3, "red": 6, "black": 3 } },
    { "id": 70, "points": 3, "color": "black", "tier": 3, "cost": { "white": 3, "blue": 3, "green": 5, "red": 3 } },
  
    { "id": 71, "points": 0, "color": "green", "tier": 2, "cost": { "green": 6 } },
    { "id": 72, "points": 0, "color": "green", "tier": 2, "cost": { "green": 5 } },
    { "id": 73, "points": 0, "color": "green", "tier": 2, "cost": { "blue": 5, "green": 3 } },
    { "id": 74, "points": 0, "color": "green", "tier": 2, "cost": { "black": 1, "white": 4, "blue": 2 } },
    { "id": 75, "points": 0, "color": "green", "tier": 2, "cost": { "white": 3, "green": 3, "red": 2 } },
    { "id": 76, "points": 0, "color": "green", "tier": 2, "cost": { "blue": 3, "white": 2, "black": 2 } },
  
    { "id": 77, "points": 0, "color": "green", "tier": 3, "cost": { "blue": 7 } },
    { "id": 78, "points": 0, "color": "green", "tier": 3, "cost": { "blue": 7, "green": 3 } },
    { "id": 79, "points": 0, "color": "green", "tier": 3, "cost": { "green": 3, "blue": 6, "white": 3 } },
    { "id": 80, "points": 0, "color": "green", "tier": 3, "cost": { "black": 3, "blue": 3, "white": 5, "red": 3 } },
  
    { "id": 81, "points": 3, "color": "white", "tier": 2, "cost": { "white": 6 } },
    { "id": 82, "points": 2, "color": "white", "tier": 2, "cost": { "red": 5 } },
    { "id": 83, "points": 2, "color": "white", "tier": 2, "cost": { "red": 5, "black": 3 } },
    { "id": 84, "points": 1, "color": "white", "tier": 2, "cost": { "green": 3, "red": 2, "black": 2 } },
    { "id": 85, "points": 2, "color": "white", "tier": 2, "cost": { "green": 3, "red": 2, "black": 2 } },
    { "id": 86, "points": 1, "color": "white", "tier": 2, "cost": { "blue": 3, "white": 2, "red": 3 } },
  
    { "id": 87, "points": 4, "color": "white", "tier": 3, "cost": { "black": 7 } },
    { "id": 88, "points": 5, "color": "white", "tier": 3, "cost": { "black": 7, "white": 3 } },
    { "id": 89, "points": 3, "color": "white", "tier": 3, "cost": { "red": 3, "black": 6, "white": 3 } },
    { "id": 90, "points": 4, "color": "white", "tier": 3, "cost": { "blue": 3, "green": 3, "red": 5, "black": 3 } }
  ]
  