[
    { "id": 1, "influence": 3, "cost": { "blue": 4, "green": 4 } },
    { "id": 2, "influence": 3, "cost": { "black": 4, "red": 4 } },
    { "id": 3, "influence": 3, "cost": { "green": 3, "blue": 3, "red": 3 } },
    { "id": 4, "influence": 3, "cost": { "black": 3, "red": 3, "white": 3 } },
    { "id": 5, "influence": 3, "cost": { "black": 3, "red": 3, "green": 3 } },
    { "id": 6, "influence": 3, "cost": { "blue": 4, "white": 4 } },
    { "id": 7, "influence": 3, "cost": { "red": 4, "green": 4 } },
    { "id": 8, "influence": 3, "cost": { "green": 3, "blue": 3, "white": 3 } },
    { "id": 9, "influence": 3, "cost": { "black": 3, "blue": 3, "white": 3 } },
    { "id": 10, "influence": 3, "cost": { "black": 4, "white": 4 } }
  ]
  